{
  "phase": "4-B.1-extended",
  "timestamp": "2026-02-12 07:42:20",
  "benchmarks": {
    "latency_profile": {
      "h2c_transfer": 0.9811999989324249,
      "linear_1": 6.880299999465933e-05,
      "relu": 2.1628000031341798e-05,
      "linear_2": 7.006100000580772e-05,
      "c2h_transfer": 0.4072999981872272
    },
    "memory_efficiency": {
      "model_size_mb": 0.50146484375,
      "peak_memory_mb": 11.81396484375,
      "batch_512_memory_mb": 11.81396484375,
      "teacher_vs_student_ratio": 3.0
    },
    "numerical_stability": {
      "weight_mean": 7.470228592865169e-05,
      "weight_std": 0.031242307275533676,
      "weight_min": -0.06248215585947037,
      "weight_max": 0.062497079372406006,
      "activation_relu_mean": 0.22984494268894196,
      "activation_relu_std": 0.33653366565704346,
      "activation_output_mean": 0.010578733868896961,
      "activation_output_std": 0.23535162210464478,
      "activation_output_norm": 2.653688669204712
    },
    "cosine_similarity": {
      "mean_pairwise_similarity": 0.3321073055267334,
      "std_pairwise_similarity": 0.08603271096944809,
      "embedding_entropy": 2.0717275142669678
    },
    "semantic_preservation": {
      "characteristic_recovery_r2": -75.82594400777421,
      "projection_error_mse": 6.382439649826328,
      "reconstruction_correlation": -0.00048118219443510205
    },
    "quantization_impact": {
      "float32_size_bytes": 512000.0,
      "int8_size_bytes": 128000.0,
      "int8_mse": 0.0004260683781467378,
      "int8_compression": 4.0,
      "int4_size_bytes": 64000.0,
      "int4_compression": 8.0
    },
    "router_accuracy": {
      "routing_accuracy": 0.427,
      "confusion_matrix": {
        "0->0": 