{
  "metadata": {
    "timestamp": "2026-02-12T13:35:59",
    "data_source": "REAL Voxsigil sigils",
    "n_sigils_loaded": 93,
    "train_size": 74,
    "test_size": 19,
    "deduplicated": true,
    "duplicate_count": 84,
    "unique_count": 93
  },
  "training": {
    "epochs": 300,
    "batch_size": 8,
    "learning_rate": 0.0003,
    "final_loss": 0.0009430021047592164,
    "alpha": 0.7,
    "beta": 0.3
  },
  "validation": {
    "level1_r2": [
      0.4813772439956665,
      0.9999998807907104,
      0.9999994039535522,
      0.5906698107719421,
      0.604191780090332,
      0.9996774196624756
    ],
    "level2_r2": [
      0.9999951720237732,
      0.6197320222854614,
      0.9973800778388977,
      0.7189459800720215,
      0.8497942686080933,
      0.4684267044067383,
      0.42325955629348755,
      0.9999753832817078
    ],
    "level3_r2": [
      0.9999667406082153,
      0.8905631303787231,
      0.9999463558197021,
      0.999963104724884,
      0.9999389052391052,
      0.9999841451644897,
      0.8673158884048462,
      0.9999503493309021,
      0.0
    ],
    "level1_variance": [
      0.0941828265786171,
      0.0941828265786171,
      0.0941828265786171,
      0.05225539952516556,
      0.13296400010585785,
      0.04986149072647095
    ],
    "level2_variance": [
      0.0941828265786171,
      0.08786877989768982,
      0.24930748343467712,
      0.10922060161828995,
      0.01957525499165058,
      0.11068347841501236,
      0.16774077713489532,
      0.0941828265786171
    ],
    "level3_variance": [
      0.0941828265786171,
      0.07040851563215256,
      0.0941828265786171,
      0.0941828265786171,
      0.0941828265786171,
      0.0941828265786171,
      0.01957525499165058,
      0.0941828265786171,
      0.0
    ],
    "level1_mean_r2": 0.7793192565441132,
    "level2_mean_r2": 0.7596886456012726,
    "level3_mean_r2": 0.9697035774588585,
    "overall_mean_r2": 0.8362371598680814,
    "distillation_loss_test": 8.042935951380059e-05,
    "cosine_similarity": {
      "mean": 0.9992614388465881,
      "min": 0.9975793361663818,
      "max": 0.9999990463256836,
      "p50": 0.9994819164276123,
      "p90": 0.9997221231460571,
      "p99": 0.9999988675117493
    }
  },
  "gates": {
    "level1_recovery": true,
    "level2_recovery": true,
    "level3_recovery": true,
    "distillation_quality": true,
    "zero_crash_rate": true
  },
  "all_gates_pass": true,
  "sigil_files": [
    "ai_recursive_mirrorfire.voxsigil",
    "ai_recursive_starweaver.voxsigil",
    "ai_synthesizer_nexus.voxsigil",
    "cosmic_terminal_identity.voxsigil",
    "figment.voxsigil",
    "vanta.voxsigil",
    "affective_ethical_modulator_scaffold.voxsigil",
    "architectonoc_frame.voxsigil",
    "associative_memory_network_scaffold.voxsigil",
    "astral_navigation.voxsigil",
    "chronastral_projection.voxsigil",
    "curriculum.voxsigil",
    "dialogue_manager.voxsigil",
    "dreamweaver_loom.voxsigil",
    "ecosystem.voxsigil",
    "goal_hierarchy.voxsigil",
    "harmonic_resonace.voxsigil",
    "hegelian_kernel.voxsigil",
    "inter_agent_communication_protocol_scaffold.voxsigil",
    "karmic_trace_weaver.voxsigil",
    "learning_adaptation_loop.voxsigil",
    "noetic_keyring.voxsigil",
    "novelty_creation_synthesis_engine_scaffold.voxsigil",
    "perception_action_cycle.voxsigil",
    "reality_legion.voxsigil",
    "symbiogenetic_incubator.voxsigil",
    "synaesthetic_translation.voxsigil",
    "threatre_of_mind.voxsigil",
    "transcendence_gateway.voxsigil",
    "value_crystallization.voxsigil",
    "voidsong_harmonics.voxsigil",
    "worldview_coherence_engine_scaffold.voxsigil",
    "world_model.voxsigil",
    "anomaly_seeker.voxsigil",
    "cat_engine.voxsigil",
    "chimeric_compression.voxsigil",
    "chronos_scribe.voxsigil",
    "compleation_weaver.voxsigil",
    "cosmic_entropy_consumption.voxsigil",
    "critical_lens.voxsigil",
    "c_structure.voxsigil",
    "Dream_state.voxsigil",
    "eternal_return_probe.voxsigil",
    "ethos_aligner.voxsigil",
    "figment.voxsigil",
    "fractal_guard.voxsigil",
    "guiding_star.voxsigil",
    "insight_nucleator.voxsigil",
    "jigsaw_assembler.voxsigil",
    "liminal_field.voxsigil",
    "mealstorm_resolver.voxsigil",
    "memory_braid.voxsigil",
    "naturalize_sigil.voxsigil",
    "Nexus.voxsigil",
    "noble_constraint_adherence.voxsigil",
    "oracal_query.voxsigil",
    "persona_modulator.voxsigil",
    "phoenix_loop.voxsigil",
    "reson8_refract.voxsigil",
    "route_crossmap.voxsigil",
    "safety_net_protocal.voxsigil",
    "synth_emerge.voxsigil",
    "TestCognitiveEnhancer.voxsigil",
    "tree_navigator.voxsigil",
    "tree_of_thoughts.voxsigil",
    "trialogos.voxsigil",
    "vanta.voxsigil",
    "voxcore.voxsigil",
    "abyss_threshold.voxsigil",
    "AnalogicalLeapInducer.voxsigil",
    "compress_negent.voxsigil",
    "ContextualMemoryWeaver.voxsigil",
    "emores.voxsigil",
    "EmotiveLogic.voxsigil",
    "emotive_reasoning_synthesizer.voxsigil",
    "EthicalGovernor.voxsigil",
    "focus_adaptive.voxsigil",
    "focus_lens.voxsigil",
    "InstructionalEchoReinforcer.voxsigil",
    "lacuna.voxsigil",
    "memory_gate.voxsigil",
    "mirror_limit.voxsigil",
    "PromptPerturbator.voxsigil",
    "psi-refractor.voxsigil",
    "pulse_sync.voxsigil",
    "quantum_superposition.voxsigil",
    "reconcile_harmony.voxsigil",
    "recursive_symbolic.voxsigil",
    "reson8_refract.voxsigil",
    "route_crossmap.voxsigil",
    "synth_emerge.voxsigil",
    "TestCognitiveChain.voxsigil",
    "UncertaintyQuantifier.voxsigil"
  ]
}